jumlah_topik,coherence_score
2,0.3307538327752949
3,0.35238277339071694
4,0.38135824339614205
5,0.3647312692331632
6,0.3943503703897739
7,0.36897215706843695
