{
  "total_tweets": 450,
  "sentiment_distribution": {
    "positive": 212,
    "negative": 200,
    "neutral": 38
  },
  "compound_score_stats": {
    "mean": -0.007506231434442954,
    "std": 0.6947757333126116,
    "min": -0.9941425577747017,
    "max": 0.976970242234777
  }
}